"01p07nea","06p07nea","94p07nea"
0.029785603,-0.090460241,-0.257541537
0.002189726,-0.047305673,-0.086260617
-0.001995981,-0.046861306,-0.086007118
-0.002292335,-0.032449305,-0.087447166
-0.00314942,-0.032855004,-0.087347806
0.00541231,-0.03499122,-0.088998437
-0.003996938,-0.027705044,-0.08956784
-0.002370358,-0.033059701,-0.091308534
-0.006275892,-0.029744223,-0.091967583
-0.003616154,-0.036426067,-0.093962073
-0.00191766,-0.028987467,-0.094753802
-0.000533499,-0.028184764,-0.096953332
0.005221099,-0.024321314,-0.097759962
0.005020753,-0.019301679,-0.09996891
0.006473847,-0.01492127,-0.100276828
0.006303228,-0.013496317,-0.101028144
0.003200166,-0.015054736,-0.099286973
-0.002512485,-0.014354944,-0.09762001
-0.010698482,-0.016036242,-0.092711568
-0.021040991,-0.01537621,-0.086628437
-0.024368495,-0.014873564,-0.077582121
-0.039186239,-0.015407026,-0.067104459
-0.044033438,-0.006266564,-0.053868324
-0.049587086,0.001606777,-0.041107312
-0.04716453,0.006925762,-0.028181076
-0.037601799,0.00838019,-0.018918514
-0.020228952,0.00513418,-0.01295352
0.005658925,0.000925258,-0.013841629
0.032510161,-0.007959038,-0.021671891
0.063377202,-0.023385763,-0.037201963
0.0874753,-0.042239696,-0.058627605
0.102996349,-0.065638602,-0.085894644
0.10471952,-0.095380366,-0.113192141
0.09013617,-0.129991949,-0.143333972
0.056259945,-0.166104972,-0.173873723
0.002632461,-0.200492978,-0.211611271
-0.073521316,-0.232678115,-0.257831156
-0.162863672,-0.264493823,-0.314921677
-0.258742332,-0.293415785,-0.374986291
-0.36005491,-0.320266604,-0.437034369
-0.462889671,-0.337253511,-0.489969134
-0.558339536,-0.33910358,-0.526083231
-0.628073692,-0.325087547,-0.533837318
-0.660813212,-0.301029623,-0.499476016
-0.638891459,-0.268324435,-0.394536734
-0.556512713,-0.220406771,-0.208664
-0.400029421,-0.13592118,0.067569554
-0.171157598,0.010485575,0.412877798
0.129546881,0.233157218,0.806749701
0.474556625,0.52490449,1.190943718
0.826456666,0.846331477,1.525613785
1.14003849,1.146327972,1.765917778
1.364614487,1.354458809,1.87432766
1.477288246,1.428084373,1.82608223
1.47262001,1.37096405,1.633992195
1.383282661,1.219157219,1.310398102
1.250478745,1.041302681,0.985695422
1.107860565,0.861353695,0.715073526
0.927245975,0.660487413,0.436025918
0.713124156,0.450956583,0.156440914
0.479393899,0.24635005,-0.109961271
0.254094541,0.068789244,-0.345974445
0.048968628,-0.085882366,-0.544187903
-0.140998125,-0.223413646,-0.697962999
-0.311508358,-0.345669508,-0.806270123
-0.463582635,-0.444313109,-0.882034898
-0.581022561,-0.504068792,-0.926384211
-0.661003411,-0.523691297,-0.943392515
-0.694615602,-0.503954411,-0.928838015
-0.688555121,-0.464845419,-0.886211038
-0.648180723,-0.420531392,-0.812788308
-0.585860968,-0.377785146,-0.71350646
-0.512007415,-0.332466304,-0.590470552
-0.427967548,-0.280056179,-0.444113612
-0.339945793,-0.223362446,-0.273165762
-0.244488597,-0.161152363,-0.092927277
-0.142727137,-0.097544968,0.082042575
-0.032001927,-0.029807609,0.227762997
0.074112654,0.039105326,0.333071709
0.167871237,0.09192884,0.389446199
0.234989941,0.111766934,0.392165959
0.267563522,0.076041877,0.335861981
0.258861005,-0.011383861,0.229737878
0.216546178,-0.13487035,0.092117488
0.145383954,-0.262251854,-0.049882084
0.050785005,-0.358698606,-0.18274188
-0.067305803,-0.413074493,-0.310560167
-0.200467169,-0.424870491,-0.434457123
-0.331259429,-0.403670907,-0.531710029
-0.438965976,-0.355672359,-0.576003313
-0.508580923,-0.29077208,-0.55666244
-0.538660705,-0.222055137,-0.485868335
-0.528110385,-0.148039162,-0.36142832
-0.474920332,-0.065895796,-0.172564268
-0.379502594,0.028612509,0.061106265
-0.257318914,0.122868001,0.271891892
-0.12256664,0.205591261,0.433440864
0.015324891,0.268470526,0.528769493
0.145759284,0.315158784,0.550669193
0.250133038,0.342400849,0.47695148
0.297382414,0.342383265,0.326215327
0.273609638,0.313890636,0.167553306
0.188524425,0.261589646,0.064577579
0.092426121,0.205166221,0.057585001
0.031149924,0.176351011,0.157169461
0.008242726,0.193758607,0.275443554
0.005094405,0.230630338,0.323233068
0.01161465,0.236217618,0.276426017
0.040340781,0.195868254,0.152684152
0.10429132,0.12914443,0.008589067
0.181146026,0.065902412,-0.072626591
0.223215044,0.041440159,-0.072356403
0.193185508,0.031776857,-0.054147303
0.117647409,0.01553987,-0.040209856
0.030845076,-0.009098858,-0.035996258
-0.055526599,-0.043084953,-0.10948652
-0.14204663,-0.087806106,-0.218966603
-0.208289266,-0.131179333,-0.264123499
-0.248266816,-0.140949368,-0.259458601
-0.264333904,-0.162429214,-0.233424783
-0.283163428,-0.232285917,-0.247992694
-0.322073102,-0.337114215,-0.342127502
-0.364474058,-0.453349948,-0.471608877
-0.415719509,-0.529913068,-0.542467654
-0.473661005,-0.543942273,-0.528405964
-0.488310516,-0.481514812,-0.436942637
-0.366423368,-0.296671093,-0.20066458
-0.065062642,0.026284277,0.148918569
0.357670009,0.415197492,0.538325965
0.77154243,0.752367079,0.835715055
1.033554077,0.970192552,0.968344092
1.06569767,1.005233765,0.939864159
0.896298289,0.865522265,0.701944828
0.623303831,0.552402377,0.363762677
0.317462802,0.120526433,0.006435275
0.00233236,-0.280252934,-0.372520566
-0.249603629,-0.561767697,-0.586633444
-0.372034132,-0.616554379,-0.583778858
-0.355605125,-0.470888317,-0.353914976
-0.244246185,-0.23300457,-0.010190099
-0.128823817,0.01209563,0.228384256
-0.021822721,0.137052715,0.337084055
0.022933103,0.101118922,0.284447014
-0.028553791,-0.071902931,0.037102178
-0.167296112,-0.302012861,-0.289070606
-0.347022593,-0.499414504,-0.534557223
-0.504348993,-0.588573873,-0.624807715
-0.607513905,-0.55738163,-0.545074582
-0.583020866,-0.388573766,-0.366543591
-0.413867116,-0.121750236,-0.046006173
-0.126239419,0.173013866,0.241125166
0.222390532,0.434239089,0.374073267
0.563906252,0.636369467,0.540008664
0.783541083,0.797357082,0.597472072
0.80615449,0.821166635,0.516749144
0.631956458,0.66820848,0.301493227
0.310466349,0.404436588,0.018190313
-0.034429371,0.079341233,-0.205738425
-0.298495948,-0.228763878,-0.358312309
-0.397777081,-0.401127696,-0.373727262
-0.340349793,-0.419139028,-0.326736033
-0.202471316,-0.315378904,-0.289747834
-0.0683164,-0.206383467,-0.259822011
0.010912761,-0.151473284,-0.171218336
0.020039916,-0.137657046,-0.033653706
-0.018420801,-0.16468066,0.068129301
-0.059972808,-0.196130395,0.129421234
-0.075309873,-0.212598324,0.140370429
-0.065310419,-0.108551443,0.09761101
-0.018446296,0.058965847,0.102359056
0.042983018,0.25011915,0.12764132
0.11983192,0.339029849,0.227875412
0.210350037,0.31316191,0.365775287
0.222488284,0.265350819,0.356280506
0.163529098,0.184419453,0.194670796
0.00950212,0.118014872,-0.103039324
-0.165390491,0.002485771,-0.322882175
-0.282166481,-0.093142152,-0.441216409
-0.300490201,-0.192032695,-0.385911942
-0.224196374,-0.181110144,-0.240264654
-0.121804893,-0.090534508,-0.108937502
-0.031230852,0.054292887,-0.008382127
-0.002394818,0.252145231,0.006185159
0.049439162,0.326793551,0.024938434
0.150731027,0.397997975,0.100623012
0.302590132,0.416578293,0.262219727
0.425515056,0.451475799,0.400980115
0.401939571,0.360273898,0.360342205
0.21226114,0.04984279,0.16330272
-0.130717397,-0.404634714,-0.181221783
-0.497766733,-0.896570623,-0.517081559
-0.768186331,-1.127173424,-0.701839328
-0.846776545,-1.044733047,-0.797545135
-0.663042307,-0.604901731,-0.634743333
-0.277743995,0.011916608,-0.352954388
0.190295339,0.551907718,0.072176337
0.56488502,0.930807352,0.499094903
0.752896488,1.011284828,0.859372258
0.724698424,0.903102517,1.013674736
0.51649785,0.593613029,0.85261786
0.20133996,0.239992797,0.454072237
-0.166182637,-0.089581251,-0.115568757
-0.456186891,-0.393424034,-0.583998561
-0.622480452,-0.521651268,-0.828439355
-0.598086655,-0.572445869,-0.775397539
-0.430976808,-0.378178895,-0.445064127
-0.190764964,-0.132017076,0.010785148
0.049609989,0.092309356,0.422582924
0.213179111,0.178984702,0.631533742
0.289122403,0.07426995,0.583578944
0.248157918,-0.057419419,0.281701207
0.128365338,-0.207664073,-0.155791163
-0.019945215,-0.2360816,-0.462495506
-0.135406375,-0.15716362,-0.541687965
-0.159910977,0.019819215,-0.351561368
-0.12329632,0.168496132,-0.016113024
-0.042194918,0.23876965,0.269120574
0.036371708,0.233532012,0.406075478
0.075248837,0.180116236,0.393683076
0.065717101,0.154010177,0.269646406
0.012271866,0.149709523,0.113277793
-0.024030533,0.121102273,-0.051727258
-0.01987128,0.083998263,-0.157776058
-0.015743621,-0.060800299,-0.226354897
-0.056039371,-0.284473717,-0.222337306
-0.171126008,-0.540264904,-0.163616359
-0.295799613,-0.779861867,-0.172451615
-0.369986653,-0.866439342,-0.194464803
-0.358495653,-0.788582921,-0.268508852
-0.254285097,-0.469790757,-0.272334278
-0.138893425,-0.069828451,-0.182935655
-0.026050884,0.303250372,0.009792924
0.038285427,0.516176283,0.214413285
0.066864967,0.479942977,0.341204703
0.058412898,0.289160788,0.334311604
0.018618181,0.002422452,0.204977453
0.015467465,-0.158126712,0.023654684
0.044576619,-0.161899984,-0.164599061
0.125587463,-0.004583143,-0.207495034
0.175373197,0.173447549,-0.138004541
0.181592405,0.147188246,0.060486794
0.1395877,-0.009581707,0.249515533
0.049328759,-0.283013165,0.281567514
-0.025404781,-0.428349078,0.223331094
-0.074616969,-0.36527884,0.065962434
-0.018795282,-0.144134402,-0.040987447
0.092382312,0.197369993,-0.060683761
0.202443779,0.399826467,0.053628325
0.241827488,0.530460656,0.190998793
0.161661685,0.398581147,0.199174285
0.007498115,0.197223246,0.109453857
-0.169909537,-0.083247244,-0.137928724
-0.267460227,-0.343092918,-0.288171947
-0.26451081,-0.474280119,-0.357237279
-0.166885316,-0.540025234,-0.347396553
-0.034763131,-0.387518942,-0.267891049
0.066552103,-0.203112066,-0.218372226
0.169691384,0.076023161,-0.108223259
0.241827011,0.333513975,0.082271636
0.311093867,0.520634592,0.383022547
0.345589578,0.611019433,0.580611944
0.305913627,0.436213732,0.557140291
0.166499555,0.159387946,0.327116549
-0.035322949,-0.215917706,-0.050621286
-0.196280003,-0.427210569,-0.292699337
-0.259085238,-0.470561385,-0.423821509
-0.212755382,-0.356623352,-0.362953842
-0.13523829,-0.120007932,-0.231298089
-0.067348778,0.064954698,-0.091605306
-0.036513556,0.194535375,-0.006791666
-0.055562302,0.193865597,-0.009153783
-0.105612516,0.1159935,0.003797144
-0.167384982,-0.050505467,0.003345102
-0.184126735,-0.238436818,-3.42E-05
-0.133289695,-0.39086628,-0.035570949
-0.027219642,-0.435319602,-0.095529616
0.08757478,-0.296727896,-0.078564942
0.139873981,-0.055926848,0.020599753
0.090238333,0.163411379,0.157098174
-0.002788581,0.282910168,0.243499458
-0.051966917,0.316960156,0.236213923
0.021365613,0.351420403,0.154367268
0.155364275,0.433488071,0.103706121
0.281026721,0.458663285,0.041292161
0.330286682,0.405983627,-0.008076929
0.250788391,0.255153537,-0.126366138
0.057318427,0.042190183,-0.214732826
-0.216430426,-0.216743886,-0.258645475
-0.411071241,-0.431953251,-0.204124153
-0.400098324,-0.530703008,-0.069349408
-0.181458592,-0.490630567,0.032308564
0.077238798,-0.338307261,0.137851059
0.212680221,-0.216521323,0.174088418
0.195176303,-0.07367754,0.205937326
0.087898612,0.036763698,0.210606754
-0.002726745,0.167876303,0.17800194
-0.060669519,0.287432492,0.153876066
-0.096856654,0.357840002,0.077716053
-0.130253553,0.348513424,-0.025353849
-0.156242609,0.188938558,-0.245074689
-0.163887739,0.010215029,-0.398914933
-0.13000977,-0.147995949,-0.46066463
-0.043441169,-0.144811094,-0.364330053
0.10967654,-0.05412773,-0.14281702
0.254743278,0.011884704,-0.011863768
0.271373093,0.000396274,0.068700612
0.081065416,-0.095790267,0.11145246
-0.250903964,-0.142177701,0.196497679
-0.495533347,-0.087794602,0.279877961
-0.558941126,0.044298619,0.244716704
-0.441176653,0.141640246,0.054124895
-0.243899465,0.119563699,-0.272757351
-0.008335195,0.016021252,-0.450190008
0.237377346,-0.124721706,-0.41552788
0.362216949,-0.188060641,-0.211129487
0.349377871,-0.192920566,0.098437786
0.218451858,-0.145772934,0.334226012
0.093350291,-0.090686202,0.466861367
0.014251947,-0.102308273,0.453109562
-0.066390514,-0.15787816,0.30094099
-0.129823864,-0.225460529,0.040782191
-0.090740561,-0.162064791,-0.234354198
0.120595157,0.033390507,-0.312712967
0.36163789,0.302796423,-0.199570119
0.456640363,0.488350987,0.01781553
0.298603117,0.502710044,0.190734804
-0.009670023,0.386606038,0.240166128
-0.226459384,0.198690653,0.266340077
-0.229396939,0.069588006,0.258723795
-0.067560077,0.018429704,0.214694083
0.123014152,0.073377073,0.111020088
0.23482132,0.1317662,-0.035390869
0.239406586,0.103792846,-0.153021634
0.139162719,-0.041690625,-0.308305562
-0.03181193,-0.286103308,-0.369052529
-0.220738292,-0.458120883,-0.347782016
-0.347839177,-0.465378881,-0.210718036
-0.355585635,-0.262425542,-0.008620799
-0.261227548,-0.041000992,0.074242175
-0.116898537,0.055550426,0.07359612
0.012934059,0.009012654,0.038463473
0.077670336,-0.124239564,0.087655723
0.092416883,-0.187729716,0.20462364
0.046426378,-0.215351343,0.245834172
-0.000491194,-0.178078473,0.128595054
-0.037088342,-0.04825411,-0.09598577
-0.053817011,0.127897024,-0.239321411
0.013186753,0.368805826,-0.197249413
0.13406384,0.549467802,0.017398044
0.30742079,0.675636888,0.337759852
0.423766494,0.655683458,0.565115571
0.457422376,0.486801565,0.577385306
0.38184911,0.26465553,0.379264653
0.193678856,-0.038975775,-0.034586698
-0.035500295,-0.273455918,-0.398457229
-0.359601617,-0.558480501,-0.681816161
-0.614006042,-0.716538787,-0.731359184
-0.757047355,-0.723594606,-0.63400352
-0.625484884,-0.540203154,-0.43107444
-0.305708528,-0.183801055,-0.094329
0.063939452,0.161187887,0.206783414
0.381461561,0.54145509,0.519804716
0.505544066,0.682982802,0.651477039
0.572734952,0.720782995,0.685285568
0.470397234,0.54997611,0.487125516
0.302137613,0.344214916,0.080482781
0.077716708,0.206444383,-0.258832097
-0.14965564,0.006590068,-0.398617148
-0.279066265,-0.177658558,-0.246174932
-0.36899215,-0.482116222,0.001889989
-0.325339556,-0.651536226,0.218762219
-0.261849701,-0.674710691,0.36062032
-0.176085293,-0.467257142,0.373764396
-0.135310709,-0.104480863,0.220882118
-0.172444761,0.152923942,-0.097192764
-0.178818226,0.370993018,-0.405969083
-0.164158344,0.392135561,-0.507570088
-0.068815887,0.374783218,-0.383803248
0.041984409,0.298428118,-0.136080623
0.126534939,0.169696748,0.068547904
0.172778845,0.015728079,0.163241565
0.134733558,-0.23688674,0.186261356
0.063301027,-0.390842974,0.083523393
-0.103204131,-0.535913944,-0.130101681
-0.298441112,-0.571511388,-0.324772775
-0.368578315,-0.524513125,-0.386513352
-0.241818309,-0.397713482,-0.264962614
0.11299324,-0.073079467,-0.061539896
0.438148379,0.268765748,-0.013587236
0.53361088,0.550083458,-0.02339869
0.321624696,0.582999349,0.055570275
-0.04040128,0.36657989,0.267017722
-0.314059019,-0.024185318,0.445142925
-0.446264923,-0.494344831,0.359127522
-0.413858056,-0.765021622,-0.019736722
-0.367303491,-0.769072652,-0.512705028
-0.303846776,-0.495452106,-0.74703145
-0.194852412,-0.072621703,-0.632566273
-0.057495214,0.299485266,-0.289440751
0.133031189,0.595748425,0.176977932
0.270437539,0.738113284,0.48141849
0.381309628,0.669442415,0.574476421
0.402031183,0.396639228,0.436824024
0.357079566,-0.023933798,0.167794406
0.252311707,-0.322793067,-0.018637165
0.079929531,-0.469161034,-0.115632832
-0.045850042,-0.351972997,-0.094338
-0.148941338,-0.11648488,-0.111757934
-0.174633205,0.044875607,-0.157148898
-0.108197808,0.214231431,-0.145999789
0.036813579,0.317942023,-0.027262792
0.248170912,0.545420229,0.249769509
0.37907052,0.695967436,0.4625476
0.288624167,0.693335652,0.533372104
-0.035640657,0.417767107,0.370278597
-0.358801663,-0.038654342,-0.017725646
-0.418256402,-0.325264931,-0.330615997
-0.268883407,-0.488130152,-0.509776115
-0.079891503,-0.373445213,-0.464359164
0.009739738,-0.236729503,-0.273426712
0.090980053,-0.074204922,-0.070971549
0.319623709,0.084043741,0.134643555
0.493872702,0.07293582,0.26378125
0.555648386,0.075895429,0.364149451
0.393323839,-0.016043611,0.34566772
0.248210311,0.24149543,0.2716133
0.170661211,0.66418457,0.158778071
0.068516552,1.116972923,0.015151702
-0.019448169,1.433300018,-0.019385464
-0.346022069,1.027500153,-0.061013393
-0.621729493,0.062387872,-0.039866634
-1.028997421,-1.609579086,-0.102695346
-1.258907318,-3.012086868,-0.23919487
-1.10077858,-3.515327454,-0.470455647
-0.444690585,-2.531587601,-0.660721302
0.503306508,-0.556555748,-0.67348969
0.977350771,1.230265617,-0.558427095
0.967327178,2.349921227,-0.243060887
0.43070066,2.093053818,0.023911044
0.30832094,1.570405006,0.342580736
0.609448791,0.92093277,0.561944127
1.070243835,0.877677441,0.693022966
1.215745926,1.1355896,0.689385653
0.499764979,1.149961472,0.516513705
-0.585192442,0.793086469,0.297535896
-1.876857758,-0.532443941,-0.031125307
-2.447901726,-1.776889801,-0.239183664
-2.306711197,-3.01417923,-0.377427936
-1.322687149,-3.248698235,-0.340815127
0.056485668,-2.643228531,-0.201936245
1.129277229,-1.402614594,-0.082915068
1.882579803,0.333524048,0.01659786
1.865403175,1.719903946,0.03056512
1.574536324,2.750185966,0.040461719
0.865349114,2.620236397,0.021218434
0.029278249,1.831262589,-0.024678137
-0.75015223,0.447080255,-0.083310306
-1.302868843,-0.774402499,-0.125432193
-1.285525322,-1.393983841,-0.130558372
-0.968712568,-1.498886108,-0.085481048
-0.244360268,-0.817890406,-0.014367677
0.350040019,-0.065503657,0.0921911
0.729374051,0.69697082,0.205097556
0.786174297,0.99808073,0.283071101
0.508181453,0.9456321,0.257376134
0.151552558,0.639243245,0.121824682
-0.261643887,0.045889512,-0.067497551
-0.438214719,-0.456741691,-0.219344199
-0.336205602,-0.793812871,-0.222184479
0.11313206,-0.592709184,-0.086425543
0.586812675,-0.060081765,0.087066233
0.763488054,0.478679359,0.19997257
0.484085321,0.717861414,0.190609992
-0.157547116,0.637896419,0.088722825
-0.865827322,0.291049302,-0.053857729
-1.345391273,-0.158309221,-0.200092137
-1.4041996,-0.637911916,-0.256918311
-1.131601334,-1.085103989,-0.251952589
-0.572168112,-1.301301956,-0.193012893
0.021962285,-1.301436424,-0.180749416
0.606629848,-0.945023417,-0.216397643
0.904092908,-0.451552331,-0.251754165
0.860098243,0.226204574,-0.20971328
0.581798732,0.633331597,-0.055532955
0.239186108,0.701630235,0.050407238
0.150869668,0.588249683,0.103656709
0.153408587,0.518108368,0.080349743
0.340983093,0.792695761,0.120439231
0.463451266,1.003192902,0.164598703
0.437780857,0.973029494,0.243620634
0.224655271,0.496835768,0.268734336
0.010050237,0.001847863,0.308651924
0.021946009,-0.350170553,0.38726908
0.094134033,-0.344440043,0.334753871
0.041520983,-0.125353038,0.209763527
-0.386315584,-0.061435342,-0.068588912
-0.771809757,-0.167370439,-0.353760242
-0.828191817,-0.640259266,-0.606874228
-0.378201485,-1.00825119,-0.644185662
0.308079183,-1.027928352,-0.42258054
0.841791809,-0.42805171,-0.066522241
0.98075217,0.410239697,0.272647917
0.615515232,0.997675776,0.397177517
0.049150035,1.082561493,0.350710332
-0.545406222,0.623008728,0.168037891
-0.748944283,0.155889452,-0.044052124
-0.57926029,-0.227031171,-0.175810039
-0.227114916,-0.377567947,-0.178587854
0.095735431,-0.370164931,-0.044669986
0.188127816,-0.25622052,0.113282919
0.24021101,-0.014852583,0.261954725
0.282189131,0.24098742,0.365527511
0.418557703,0.467732191,0.363283813
0.526412427,0.503562689,0.294069767
0.541714489,0.396144927,0.18074286
0.449171126,0.203033626,0.0908885
0.178179264,-0.051368892,0.060675256
-0.125454068,-0.236445189,0.010880265
-0.389058769,-0.33872354,-0.031750813
-0.462690175,-0.32376951,-0.116029441
-0.294649839,-0.150993466,-0.120657027
-0.001294732,0.124349177,-0.089604616
0.260463238,0.465417087,-0.057381149
0.269762754,0.640897036,-0.050474964
0.02429587,0.523048878,-0.090266407
-0.26955241,0.145593643,-0.091638565
-0.474342644,-0.336100399,-0.074857354
-0.557098806,-0.668518186,-0.033504467
-0.636644721,-0.794636607,-9.95E-05
-0.729345024,-0.689177632,0.038017601
-0.691763282,-0.411922157,0.047737207
-0.477103591,-0.131284058,-0.008655705
-0.179790735,0.074119985,-0.097689927
-0.009606004,0.122717083,-0.154075146
-0.02577452,0.031062219,-0.145939767
-0.187798142,-0.174788296,-0.07449764
-0.391071856,-0.485654891,0.005877387
-0.471607506,-0.740664721,0.089231312
-0.437524199,-0.866928875,0.110336661
-0.297214746,-0.689470351,0.061207019
-0.130794048,-0.340685666,-0.009987067
-0.034135986,-0.106299162,-0.086312175
0.064481497,-0.04189615,-0.125902534
0.15099287,-0.189582705,-0.189778626
0.346785128,-0.198875546,-0.218991697
0.616856098,0.006852537,-0.227964103
0.847073913,0.420792103,-0.184314728
0.898712337,0.839811981,-0.110573947
0.701725602,1.056794167,-0.048879676
0.511310399,1.076635361,0.072868884
0.378330767,0.83550179,0.123400748
0.360941887,0.600443542,0.143191159
0.265420258,0.374162436,0.163679302
0.091864169,0.301344633,0.218968987
-0.046159789,0.282429099,0.199974954
-0.118534803,0.230572164,0.046299972
-0.09619391,0.103349745,-0.125870943
-0.02981852,-0.068356574,-0.185443997
0.095739841,-0.130742431,-0.070139647
0.182328403,-0.099005699,0.025493618
0.139576554,0.017865248,0.091666639
-0.113621593,0.045075059,0.08346647
-0.400185466,-0.024761755,0.002543224
-0.514884412,-0.201120675,-0.145579815
-0.351048589,-0.379565537,-0.279761374
-0.058966637,-0.454958439,-0.208378792
0.15918541,-0.338175416,0.06201911
0.212832212,-0.085327625,0.442446351
0.106369555,0.163781345,0.617649198
-0.016324699,0.281137288,0.559213459
-0.172610939,0.180781901,0.331178904
-0.257559538,-0.002107829,0.085035443
-0.289141238,-0.218648374,-0.074241698
-0.239130616,-0.334273815,-0.229717016
-0.191538095,-0.379045188,-0.30541265
-0.261987209,-0.389634013,-0.377092123
-0.361750126,-0.39083606,-0.340925753
-0.450377345,-0.456961632,-0.323522806
-0.300670087,-0.456341267,-0.356206775
0.032669239,-0.410726309,-0.329204082
0.434728205,-0.180061936,-0.211880624
0.694328129,0.115653992,0.059205137
0.682332754,0.368321717,0.275071383
0.522613585,0.525787055,0.358050168
0.254301608,0.482746661,0.249176085
0.029411606,0.336857259,0.069206893
-0.161929786,0.045350537,-0.041060891
-0.287609875,-0.205168724,-0.090494633
-0.259943843,-0.328211725,-0.052516244
-0.096796572,-0.27362138,0.038650908
0.176913798,-0.075933516,0.146003246
0.394811809,0.148291707,0.213279188
0.489938915,0.404452324,0.215631306
0.455791116,0.576841056,0.18076098
0.282099247,0.640710115,0.136215508
0.060723677,0.512300253,0.07746315
-0.230005324,0.292897224,0.007242478
-0.441841424,0.135524094,-0.117815793
-0.538551211,0.093932629,-0.200407088
-0.548443019,0.192575037,-0.227674246
-0.471949875,0.263668478,-0.168110073
-0.369615197,0.285100758,-0.045546398
-0.160454035,0.167521477,0.060776375
0.030558333,0.004494011,0.159020543
0.115747213,-0.207969785,0.186654031
-0.01777244,-0.40148592,0.129899204
-0.240496516,-0.51929611,-0.002992727
-0.330322981,-0.60938704,-0.19176203
-0.194604993,-0.561275482,-0.292154372
0.131683469,-0.48728317,-0.318063676
0.447137892,-0.246645868,-0.250201404
0.665950358,0.056555748,-0.148106039
0.706529975,0.418342173,-0.059707589
0.623846591,0.685582817,0.07013911
0.368313134,0.700333118,0.159058988
0.090179741,0.596562564,0.243774652
-0.164507687,0.322398245,0.225133598
-0.315284252,0.124966502,0.170612335
-0.375658751,-0.109369099,0.084370017
-0.41210568,-0.276060104,-0.02685038
-0.345682263,-0.34666121,-0.070215046
-0.282053173,-0.341952205,-0.071289003
-0.133886933,-0.228034079,-0.046176694
-0.046287939,-0.201892734,-0.039740589
0.05335854,-0.143381774,-0.022775281
0.143107653,-0.10651356,0.022856425
0.194436729,0.013161045,0.054451436
0.225647032,0.137286425,0.021446574
0.153959036,0.191831291,-0.089398801
0.110480726,0.191742122,-0.212505698
0.094891608,0.102220058,-0.262722015
0.215873122,0.050665181,-0.259625971
0.344282508,-0.012975696,-0.184011519
0.360847175,0.017054815,-0.078979313
0.194638133,0.063309789,0.012687352
-0.118827939,0.068227232,0.071811676
-0.38293606,-0.041909926,0.082183957
-0.502348542,-0.244171798,0.111861348
-0.434187651,-0.36686939,0.139050722
-0.305524826,-0.438827395,0.207749307
-0.185125351,-0.412662327,0.249916673
-0.131842792,-0.348672748,0.278713226
-0.128531814,-0.180225074,0.272389472
-0.11290741,0.054193228,0.210437536
-0.103167653,0.207374096,0.143788815
-0.08359921,0.226602912,0.000845445
-0.110009372,0.091905713,-0.110139251
-0.182757676,-0.027999785,-0.246502817
-0.270501077,-0.112322211,-0.335275173
-0.323137164,-0.124693751,-0.360888779
-0.261303306,-0.066810846,-0.288608253
-0.148763895,-0.021320641,-0.023553044
0.018099561,0.031392291,0.228127658
0.177803695,0.028528616,0.498143613
0.332737327,0.053660423,0.586459577
0.485421121,0.135444641,0.540688515
0.523746014,0.225597382,0.393809617
0.448810458,0.280545771,0.052896902
0.242738664,0.175868511,-0.251239955
0.034682289,-0.028310716,-0.618903637
-0.094636202,-0.270477295,-0.751918197
-0.098469257,-0.437416732,-0.727281451
0.003225699,-0.409067154,-0.536883712
0.125800133,-0.229315996,-0.161224484
0.209643781,0.091238558,0.160159826
0.169367909,0.383019507,0.535168409
0.046252839,0.547240317,0.679630876
-0.079557955,0.590747178,0.67380178
-0.126361132,0.492484272,0.406371832
-0.063044429,0.369730234,-0.008280102
0.041799713,0.18864131,-0.313373685
0.07160306,0.020751998,-0.481951952
0.008043602,-0.091043234,-0.344857097
-0.120803058,-0.133161306,-0.085896015
-0.189449728,-0.075518429,0.181156874
-0.134855568,0.007043615,0.377252102
0.005292036,0.114846528,0.399716675
0.162484884,0.202550948,0.319761872
0.222020209,0.208063245,0.164635658
0.188547194,0.109560072,-0.00283815
0.033331171,-0.124029219,-0.134793222
-0.143420815,-0.387087226,-0.286927104
-0.26776731,-0.557788134,-0.336061716
-0.307371855,-0.634570062,-0.33156532
-0.228202283,-0.552898765,-0.222019792
-0.127083302,-0.446915805,-0.071593106
-0.004775062,-0.249575198,0.03586705
0.059656329,-0.069901466,0.121801496
0.072900772,0.070547879,0.101163089
0.031579569,0.173722506,0.050792433
-0.03430105,0.175669491,-0.035848059
-0.042051226,0.232314944,-0.068785012
-0.018885478,0.200032234,-0.012124032
0.057680398,0.146746516,0.082989216
0.112999439,-0.005109496,0.172226965
0.139510632,-0.187800884,0.167083085
0.156985164,-0.272973478,0.053371146
0.18375802,-0.285785735,-0.12089026
0.230214715,-0.141689539,-0.243959606
0.229336023,0.054019056,-0.244205654
0.158264399,0.308813334,-0.164036214
-0.024705634,0.477446079,-0.067786992
-0.213381112,0.438226879,0.014192775
-0.254709244,0.259229779,0.046489023
-0.091744483,0.016248539,0.01269386
0.250702083,-0.059117228,-0.098162234
0.523888052,-0.020720847,-0.222566724
0.559221208,0.081243098,-0.258159637
0.286011636,0.14957583,-0.173199832
-0.164588809,0.122994363,-0.030692846
-0.559418142,0.0625422,0.097071469
-0.749457061,-0.048417781,0.188197136
-0.62879622,-0.053057604,0.20789206
-0.333319366,0.000846304,0.210412145
0.023280516,0.146572709,0.166423976
0.244315386,0.279542565,0.16985476
0.261392653,0.292467356,0.210938811
0.177738845,0.289928317,0.239585817
0.049004182,0.219336689,0.279002011
-0.023611873,0.194240451,0.169829965
-0.116933405,0.05103419,-0.050137386
-0.223331153,-0.212442577,-0.389631093
-0.317786455,-0.558553457,-0.639794409
-0.342365921,-0.880215287,-0.681745291
-0.240200341,-0.94997561,-0.483517468
-0.100234807,-0.869125485,-0.111725509
0.070632935,-0.528496802,0.168379247
0.181873024,-0.179103374,0.341650426
0.21055299,0.135491788,0.315037072
0.177441597,0.375748277,0.224015057
0.070234478,0.461086929,0.071423233
-0.015855815,0.491066873,-0.046293732
-0.064106882,0.29740262,-0.087975264
-0.042326674,0.046759456,-0.069303453
0.043950085,-0.257389188,0.047514781
0.125756919,-0.452862561,0.101931334
0.194055021,-0.451006293,0.119744062
0.184428096,-0.366868019,0.049899649
0.138677537,-0.111983001,-0.024295725
0.090513527,0.104858458,-0.055133972
0.051983207,0.332760394,-0.086372733
0.060398761,0.466101706,-0.05401323
0.044455208,0.473523378,0.049295705
0.040902358,0.46247834,0.245619118
-0.007977698,0.33023572,0.423178494
-0.09837991,0.239001572,0.455695033
-0.207889855,0.036247317,0.294970691
-0.318370759,-0.134608924,0.014337562
-0.326034009,-0.255163014,-0.213061333
-0.29199934,-0.355764389,-0.372168601
-0.18731302,-0.34755832,-0.355263472
-0.084193587,-0.402393878,-0.222107649
0.047608443,-0.323431373,-0.075464368
0.199831545,-0.161649466,0.024941377
0.309581995,0.154804587,0.049392719
0.381555676,0.512487769,0.106536508
0.328234136,0.698844314,0.133227468
0.255508542,0.729342461,0.15304327
0.114119589,0.475665033,0.1172961
-0.039757133,0.123362422,0.07915175
-0.206724524,-0.326904058,0.048467278
-0.344967425,-0.677983463,-0.009002969
-0.342210531,-0.774110317,-0.032925595
-0.250422239,-0.640504837,-0.042192895
-0.055311203,-0.302073598,0.000112146
0.03960745,-0.064026773,-0.018282846
0.062847078,0.097436607,-0.123314679
0.005756423,0.096738219,-0.314527035
-0.019872233,0.052789912,-0.449721038
0.101801038,0.024268404,-0.481146991
0.276335299,0.025158942,-0.377733052
0.502448797,0.136018336,-0.188895226
0.57518357,0.231341898,-0.086274087
0.53095603,0.350057065,-0.003986299
0.329772234,0.362256885,0.01926659
0.084802151,0.353086889,0.115421891
-0.112015724,0.278272569,0.213284135
-0.275233328,0.182584286,0.320482373
-0.325071216,0.068669975,0.330073714
-0.408777118,-0.10331744,0.248303294
-0.425681353,-0.241887569,0.155887723
-0.386473715,-0.396136224,0.050806522
-0.218208551,-0.411404133,0.043552674
0.068044841,-0.375580788,0.077177465
0.295983851,-0.228620529,0.129294634
0.43080759,-0.071613789,0.100059807
0.341318011,0.021385163,0.06398356
0.180987,0.146694839,-0.040862761
-0.021473169,0.184436023,-0.121862173
-0.262053192,0.239198148,-0.253457785
-0.44118464,0.168196142,-0.368232012
-0.585682571,-0.024682105,-0.404914856
-0.48446548,-0.279831946,-0.386401892
-0.242722869,-0.528975368,-0.188665688
0.075492501,-0.52567023,-0.012821916
0.363595486,-0.350597262,0.287875772
0.496130288,0.057767719,0.52650249
0.58022958,0.442259848,0.709780693
0.458383679,0.655763984,0.704384327
0.307148755,0.750509322,0.426163018
0.112904072,0.642189741,0.079155028
-0.006283924,0.590120196,-0.324930787
-0.03088608,0.438429534,-0.474431753
-0.13970083,0.289760172,-0.496037185
-0.227570474,0.049070731,-0.320926428
-0.400916576,-0.258131325,-0.096675158
-0.432702661,-0.486594975,0.083399892
-0.364922702,-0.748821497,0.166589499
-0.198034346,-0.787402034,0.043887943
0.045785449,-0.801052988,-0.116338313
0.202858388,-0.619130731,-0.290668547
0.308992863,-0.394188404,-0.314390063
0.225337803,-0.145928264,-0.206171334
0.093508005,0.090971708,-0.021894142
-0.031698368,0.174319565,0.136871517
-0.117142797,0.301584721,0.213209033
-0.133769214,0.376924515,0.176734865
-0.213800609,0.488166451,0.114108443
-0.248812854,0.41925317,0.023483146
-0.206740141,0.251530766,-0.000865638
-0.024504706,0.072333932,0.072693646
0.314917147,0.122755408,0.218251288
0.584525168,0.376969337,0.335591435
0.686396003,0.631605506,0.325483322
0.457819104,0.703294873,0.236403942
0.046629414,0.427919805,0.132879078
-0.336868942,-0.025148869,0.105113506
-0.495444894,-0.559234858,0.080899477
-0.334304273,-0.823969126,0.060030699
-0.132783711,-0.80954051,-0.012445733
0.003839632,-0.447241485,-0.050457045
-0.10012877,0.005577918,-0.124524832
-0.289521575,0.314822495,-0.190698504
-0.399517894,0.448050559,-0.266459227
-0.372851431,0.303322196,-0.316737354
-0.169050634,0.146646321,-0.312849939
0.037405316,-0.084095061,-0.304913938
0.167406619,-0.25262183,-0.276680768
0.118881881,-0.407072127,-0.250874698
-0.039661717,-0.574066818,-0.154889584
-0.156852424,-0.594842374,-0.058107942
-0.198434532,-0.69877845,0.047167018
-0.113335609,-0.625118256,0.06256026
-0.012119029,-0.574964762,0.086103141
0.079905212,-0.360793829,0.102433503
0.233920574,0.102258742,0.15195483
0.355566025,0.618617117,0.228051186
0.511212289,1.244530678,0.273934841
0.523456752,1.435354233,0.282402694
0.407045901,1.373795509,0.146785736
0.158474207,0.832530677,-0.021840725
-0.161890268,0.194201887,-0.244640708
-0.380829871,-0.346185923,-0.370910108
-0.567175031,-0.812309682,-0.41443491
-0.544724703,-0.943974495,-0.363997459
-0.481345475,-1.069019318,-0.221821249
-0.262613416,-0.839781821,-0.095256925
0.037901826,-0.559701741,0.043785237
0.349193275,-0.115125418,0.106533825
0.675716996,0.298970103,0.143372238
0.785797834,0.531105161,0.113007545
0.774474978,0.768797755,0.015374258
0.500835598,0.753365755,-0.094035745
0.160581827,0.758297443,-0.207293928
-0.175582469,0.524824798,-0.243066251
-0.388616562,0.241022229,-0.190322697
-0.39615804,-0.060610801,-0.071304262
-0.344886541,-0.339152753,0.139050186
-0.227373898,-0.428648889,0.352814376
-0.208575845,-0.481657982,0.558878541
-0.220630586,-0.333706856,0.622291207
-0.250324309,-0.20147115,0.517208874
-0.263202727,-0.047815204,0.318627238
-0.223807812,0.00207004,0.048583969
-0.17532289,-0.071312428,-0.107674479
-0.098874748,-0.126295984,-0.234184027
-0.027284995,-0.237932861,-0.286177576
0.051707439,-0.204461932,-0.316572905
0.132697344,-0.144144595,-0.297434986
0.158198059,-0.083297849,-0.210391819
0.126652837,-0.131097436,-0.114975929
-0.01543767,-0.392156601,0.007071327
-0.172098756,-0.622158945,0.013317548
-0.173459113,-0.791932821,-0.021602556
0.038945004,-0.612429917,-0.092912674
0.424920857,-0.191533864,-0.124174953
0.714644372,0.382411003,-0.073622108
0.793816507,0.986805677,0.027994167
0.614370823,1.329735756,0.104329586
0.359937191,1.464558601,0.084052145
0.125737906,1.171722412,0.044090509
-0.040183216,0.767989159,-0.014740691
-0.124286413,0.276638269,-0.071143806
-0.26363045,-0.058643535,-0.157185555
-0.395680666,-0.209859967,-0.221716046
-0.570442498,-0.365467072,-0.167740047
-0.603608489,-0.423676133,-0.038777754
-0.469743311,-0.621640444,0.157572091
-0.170247495,-0.661865532,0.280242801
0.163907886,-0.661622167,0.394413948
0.331419826,-0.454048812,0.474129915
0.357708454,-0.137144804,0.448739409
0.209087729,0.158679962,0.347258806
0.094992816,0.486189723,0.114868164
0.01180888,0.626295865,-0.118116558
-0.018841885,0.749067903,-0.334586084
-0.02420152,0.632091165,-0.37812382
-0.054604325,0.45551163,-0.249391556
-0.059033677,0.159393251,0.000327136
-0.067040801,-0.090979755,0.252488256
-0.016072839,-0.224552393,0.33258158
-0.007835597,-0.383479536,0.235512316
-0.030703247,-0.425639212,-0.016444236
-0.10182786,-0.650635958,-0.271329224
-0.164401174,-0.769465804,-0.391890645
-0.131987929,-0.887132585,-0.327027321
-0.048849076,-0.77736187,-0.125146568
0.134432733,-0.404103398,0.071510315
0.305244088,0.085664988,0.183376253
0.417963624,0.683716774,0.12693423
0.341768324,0.923398435,-0.023700859
0.123056412,0.999399006,-0.230503678
-0.107080519,0.723869562,-0.448689699
-0.324249566,0.415978253,-0.575237095
-0.435680091,0.077598691,-0.581801355
-0.560616374,-0.285832822,-0.370392501
-0.552640617,-0.477731705,-0.069171846
-0.455177069,-0.706786871,0.306989551
-0.266198575,-0.705453455,0.503030002
-0.002988562,-0.772309899,0.57145977
0.216207802,-0.636795998,0.478324711
0.4809376,-0.414438307,0.295409262
0.566208005,-0.111269116,0.174381852
0.524338841,0.296109378,0.053115368
0.274504483,0.512304544,0.069475889
-0.064232171,0.773608446,0.061742902
-0.313395619,0.777512431,0.102945745
-0.470824122,0.783525586,0.102731764
-0.374280393,0.62317574,0.075045645
-0.245989203,0.379281759,0.047579803
-0.061176434,0.103163838,-0.002387685
0.055553902,-0.267395556,-0.025743823
0.110837758,-0.441533446,-0.051957414
0.176367879,-0.5858742,-0.063930988
0.150200963,-0.448836267,-0.088109255
0.160747707,-0.346243858,-0.099080682
0.112838328,-0.229855955,-0.099661767
0.157088935,-0.186533332,-0.071944952
0.224091411,-0.216844857,-0.016791407
0.268473208,-0.100574195,0.007741928
0.266523659,0.02639183,-0.010997493
0.091452003,0.285952866,-0.111905932
-0.114764214,0.407820046,-0.263335228
-0.375003278,0.388303399,-0.415977657
-0.502377629,0.149667859,-0.460748255
-0.496138334,-0.138271928,-0.312226832
-0.334600627,-0.239172518,-0.121727586
-0.071822464,-0.188232839,0.101545691
0.163915455,-0.01369321,0.230296314
0.404049039,0.066846609,0.360565662
0.536340654,0.06839031,0.456100881
0.627151668,0.052643634,0.467841029
0.568913758,0.072593749,0.389922619
0.382266104,0.110046923,0.207621157
0.11115998,0.122514069,0.080212355
-0.151652336,0.08107841,-0.073281527
-0.268498242,-0.01688429,-0.127595663
-0.258435369,-0.144900322,-0.150507152
-0.114208043,-0.234651327,-0.142889142
0.053557433,-0.221711338,-0.136357486
0.184559464,-0.097417951,-0.159429193
0.203199565,0.160635173,-0.163181186
0.077926159,0.39048171,-0.175002038
-0.192704797,0.554635286,-0.136516929
-0.496103585,0.505809903,-0.12535435
-0.722821593,0.26020968,-0.085749507
-0.724130392,-0.055551618,-0.027883098
-0.508207679,-0.413343787,0.084652603
-0.156456053,-0.59287262,0.20258379
0.211064994,-0.672021985,0.27772367
0.436309516,-0.524405539,0.279440045
0.531428695,-0.223488033,0.200791061
0.413157225,0.145431519,0.121507108
0.214650273,0.549858391,0.033632785
-0.014336586,0.74663806,-0.022030897
-0.160468638,0.82017231,-0.043951388
-0.168097675,0.612525761,-0.016557239
-0.117028892,0.27281934,0.050277632
0.015320145,-0.140902042,0.1239236
0.119916618,-0.518532395,0.158588767
0.220190287,-0.636804163,0.119568348
0.25118494,-0.625996292,0.005201295
0.193645239,-0.406837285,-0.130053401
0.107496917,-0.219865978,-0.266146183
-2.53E-05,-0.037725911,-0.333634436
-0.052017376,0.103127658,-0.325265408
-0.06839323,0.180231035,-0.271780849
-0.046209529,0.237925649,-0.191363394
0.026785791,0.164102852,-0.131099582
0.100277483,0.166523993,-0.074405313
0.15335691,0.186259866,-0.055578548
